Workbook

Sheet 급여대장
A1: 2026년 07월분 급여 대장
A2: 노란 칸만 입력하세요. 초록 칸(ⓐ 보험 주민세 ⓑ 실지급)은 수식입니다. 4대보험=Y 이면 국민연금 4.5% · 건강보험 3.495% · 고용보험 0.9% · 장기요양=건강보험×12.27% 를 자동 계산합니다. 각 명세서 시트는 이 표와 연동됩니다.
A3: 번호 | B3: 성명 | C3: 입사일자 | D3: 4대보험 | E3: 기본급시간 | F3: 기본급 | G3: 상여금 | H3: 연장시간 | I3: 연장근무 | J3: 심야시간 | K3: 심야근무 | L3: 특근시간 | M3: 특근근무 | N3: 납땜수당 | O3: 지급소계ⓐ | P3: 국민연금 | Q3: 건강보험ⓒ | R3: 장기요양 | S3: 보험공제 | T3: 고용보험 | U3: 연말정산 | V3: 부양가족 | W3: 소득세ⓓ | X3: 주민세 | Y3: 지각조퇴시간 | Z3: 지각조퇴금액 | AA3: 외출반차시간 | AB3: 외출반차금액 | AC3: 선지급액 | AD3: 공제액ⓑ | AE3: 차인지급액
A4: 1 | B4: 최현미 | C4: 2018.11.01 | D4: N | E4: 216 | F4: 2229120 | G4: 0 | H4: 0 | I4: 0 | J4: 0 | K4: 0 | L4: 0 | M4: 0 | N4: 0 | O4: =F4+G4+I4+K4+M4+N4 | P4: =IF(D4="Y",ROUND(O4*0.045,0),0) | Q4: =IF(D4="Y",ROUND(O4*0.03495,0),0) | R4: =ROUND(Q4*0.1227,0) | S4: 0 | T4: =IF(D4="Y",ROUND(O4*0.009,0),0) | U4: 0 | W4: 66874 | X4: =ROUND(W4*0.1,0) | Y4: 0 | Z4: 0 | AA4: 0 | AB4: 0 | AC4: 300000 | AD4: =P4+Q4+R4+S4+T4+U4+W4+X4+Z4+AB4+AC4 | AE4: =O4-AD4
A5: 2 | B5: 김하늘 | C5: 2020.03.02 | D5: Y | E5: 209 | F5: 2500000 | G5: 150000 | H5: 12 | I5: 270000 | J5: 0 | K5: 0 | L5: 8 | M5: 200000 | N5: 50000 | O5: =F5+G5+I5+K5+M5+N5 | P5: =IF(D5="Y",ROUND(O5*0.045,0),0) | Q5: =IF(D5="Y",ROUND(O5*0.03495,0),0) | R5: =ROUND(Q5*0.1227,0) | S5: 0 | T5: =IF(D5="Y",ROUND(O5*0.009,0),0) | U5: 0 | V5: 본인+배우자 | W5: 82000 | X5: =ROUND(W5*0.1,0) | Y5: 0 | Z5: 0 | AA5: 0 | AB5: 0 | AC5: 0 | AD5: =P5+Q5+R5+S5+T5+U5+W5+X5+Z5+AB5+AC5 | AE5: =O5-AD5
A6: 3 | B6: 이준호 | C6: 2022.06.15 | D6: Y | E6: 200 | F6: 2800000 | G6: 0 | H6: 6 | I6: 157500 | J6: 4 | K6: 80000 | L6: 0 | M6: 0 | N6: 30000 | O6: =F6+G6+I6+K6+M6+N6 | P6: =IF(D6="Y",ROUND(O6*0.045,0),0) | Q6: =IF(D6="Y",ROUND(O6*0.03495,0),0) | R6: =ROUND(Q6*0.1227,0) | S6: 0 | T6: =IF(D6="Y",ROUND(O6*0.009,0),0) | U6: 0 | V6: 본인 | W6: 95430 | X6: =ROUND(W6*0.1,0) | Y6: 1 | Z6: 15000 | AA6: 0 | AB6: 0 | AC6: 100000 | AD6: =P6+Q6+R6+S6+T6+U6+W6+X6+Z6+AB6+AC6 | AE6: =O6-AD6

Sheet 명세서_최현미
A1: 2026년 07월분 급여 명세서
A2: 성명 | B2: ='급여대장'!B4 | D2: 입사일자 | E2: ='급여대장'!C4
A3: 구분 | B3: 시간 | C3: 금액 | D3: 구분 | E3: 요율 | F3: 금액
A4: 기본급 | B4: ='급여대장'!E4 | C4: ='급여대장'!F4 | D4: 국민연금 | E4: ⓐ × 4.5% | F4: ='급여대장'!P4
A5: 상여금 | C5: ='급여대장'!G4 | D5: 건강보험 ⓒ | E5: ⓐ × 3.495% | F5: ='급여대장'!Q4
A6: 연장근무 | B6: ='급여대장'!H4 | C6: ='급여대장'!I4 | D6: 장기요양 | E6: ⓒ × 12.27% | F6: ='급여대장'!R4
A7: 심야근무 | B7: ='급여대장'!J4 | C7: ='급여대장'!K4 | D7: 보험공제 | F7: ='급여대장'!S4
A8: 특근근무 | B8: ='급여대장'!L4 | C8: ='급여대장'!M4 | D8: 고용보험 | E8: ⓐ × 0.9% | F8: ='급여대장'!T4
A9: 납땜수당 | C9: ='급여대장'!N4 | D9: 연말정산 | F9: ='급여대장'!U4
D10: 부양가족공제대상 | F10: ='급여대장'!V4
D11: 소득세 ⓓ | F11: ='급여대장'!W4
D12: 주민세 | E12: ⓓ × 10% | F12: ='급여대장'!X4
D13: 지각, 조퇴 | E13: ='급여대장'!Y4 | F13: ='급여대장'!Z4
D14: 외출, 반차 | E14: ='급여대장'!AA4 | F14: ='급여대장'!AB4
D15: 선지급액 | F15: ='급여대장'!AC4
A16: 소계 ⓐ | C16: ='급여대장'!O4 | D16: 공제액 ⓑ | F16: ='급여대장'!AD4
A17: 차인지급액 ⓐ - ⓑ | F17: ='급여대장'!AE4
A19: 항상 저희와 같이 힘쓰며 근무해주시는 분들께 감사드립니다. 한달동안 정말 고생 많으셨습니다.
A20: ㈜네드핌 | C20: ☎ 031-256-3852 | F20: NAEUN 나은미래 MIRAE
A21: 문의사항은 업무시간(09:00~18:00)에 연락주시기 바랍니다.
A22: 지각, 조퇴, 병가, 휴가는 사무실로 연락주시기 바랍니다.

Sheet 명세서_김하늘
A1: 2026년 07월분 급여 명세서
A2: 성명 | B2: ='급여대장'!B5 | D2: 입사일자 | E2: ='급여대장'!C5
A3: 구분 | B3: 시간 | C3: 금액 | D3: 구분 | E3: 요율 | F3: 금액
A4: 기본급 | B4: ='급여대장'!E5 | C4: ='급여대장'!F5 | D4: 국민연금 | E4: ⓐ × 4.5% | F4: ='급여대장'!P5
A5: 상여금 | C5: ='급여대장'!G5 | D5: 건강보험 ⓒ | E5: ⓐ × 3.495% | F5: ='급여대장'!Q5
A6: 연장근무 | B6: ='급여대장'!H5 | C6: ='급여대장'!I5 | D6: 장기요양 | E6: ⓒ × 12.27% | F6: ='급여대장'!R5
A7: 심야근무 | B7: ='급여대장'!J5 | C7: ='급여대장'!K5 | D7: 보험공제 | F7: ='급여대장'!S5
A8: 특근근무 | B8: ='급여대장'!L5 | C8: ='급여대장'!M5 | D8: 고용보험 | E8: ⓐ × 0.9% | F8: ='급여대장'!T5
A9: 납땜수당 | C9: ='급여대장'!N5 | D9: 연말정산 | F9: ='급여대장'!U5
D10: 부양가족공제대상 | F10: ='급여대장'!V5
D11: 소득세 ⓓ | F11: ='급여대장'!W5
D12: 주민세 | E12: ⓓ × 10% | F12: ='급여대장'!X5
D13: 지각, 조퇴 | E13: ='급여대장'!Y5 | F13: ='급여대장'!Z5
D14: 외출, 반차 | E14: ='급여대장'!AA5 | F14: ='급여대장'!AB5
D15: 선지급액 | F15: ='급여대장'!AC5
A16: 소계 ⓐ | C16: ='급여대장'!O5 | D16: 공제액 ⓑ | F16: ='급여대장'!AD5
A17: 차인지급액 ⓐ - ⓑ | F17: ='급여대장'!AE5
A19: 항상 저희와 같이 힘쓰며 근무해주시는 분들께 감사드립니다. 한달동안 정말 고생 많으셨습니다.
A20: ㈜네드핌 | C20: ☎ 031-256-3852 | F20: NAEUN 나은미래 MIRAE
A21: 문의사항은 업무시간(09:00~18:00)에 연락주시기 바랍니다.
A22: 지각, 조퇴, 병가, 휴가는 사무실로 연락주시기 바랍니다.

Sheet 명세서_이준호
A1: 2026년 07월분 급여 명세서
A2: 성명 | B2: ='급여대장'!B6 | D2: 입사일자 | E2: ='급여대장'!C6
A3: 구분 | B3: 시간 | C3: 금액 | D3: 구분 | E3: 요율 | F3: 금액
A4: 기본급 | B4: ='급여대장'!E6 | C4: ='급여대장'!F6 | D4: 국민연금 | E4: ⓐ × 4.5% | F4: ='급여대장'!P6
A5: 상여금 | C5: ='급여대장'!G6 | D5: 건강보험 ⓒ | E5: ⓐ × 3.495% | F5: ='급여대장'!Q6
A6: 연장근무 | B6: ='급여대장'!H6 | C6: ='급여대장'!I6 | D6: 장기요양 | E6: ⓒ × 12.27% | F6: ='급여대장'!R6
A7: 심야근무 | B7: ='급여대장'!J6 | C7: ='급여대장'!K6 | D7: 보험공제 | F7: ='급여대장'!S6
A8: 특근근무 | B8: ='급여대장'!L6 | C8: ='급여대장'!M6 | D8: 고용보험 | E8: ⓐ × 0.9% | F8: ='급여대장'!T6
A9: 납땜수당 | C9: ='급여대장'!N6 | D9: 연말정산 | F9: ='급여대장'!U6
D10: 부양가족공제대상 | F10: ='급여대장'!V6
D11: 소득세 ⓓ | F11: ='급여대장'!W6
D12: 주민세 | E12: ⓓ × 10% | F12: ='급여대장'!X6
D13: 지각, 조퇴 | E13: ='급여대장'!Y6 | F13: ='급여대장'!Z6
D14: 외출, 반차 | E14: ='급여대장'!AA6 | F14: ='급여대장'!AB6
D15: 선지급액 | F15: ='급여대장'!AC6
A16: 소계 ⓐ | C16: ='급여대장'!O6 | D16: 공제액 ⓑ | F16: ='급여대장'!AD6
A17: 차인지급액 ⓐ - ⓑ | F17: ='급여대장'!AE6
A19: 항상 저희와 같이 힘쓰며 근무해주시는 분들께 감사드립니다. 한달동안 정말 고생 많으셨습니다.
A20: ㈜네드핌 | C20: ☎ 031-256-3852 | F20: NAEUN 나은미래 MIRAE
A21: 문의사항은 업무시간(09:00~18:00)에 연락주시기 바랍니다.
A22: 지각, 조퇴, 병가, 휴가는 사무실로 연락주시기 바랍니다.
